{
  "last_training": "2025-12-08T09:03:59.699725+00:00",
  "samples_trained": 10000,
  "current_performance": {
    "accuracy": 0.9865,
    "confusion_matrix": [
      [
        1424,
        5,
        0
      ],
      [
        14,
        526,
        4
      ],
      [
        0,
        4,
        23
      ]
    ],
    "classification_report": {
      "0": {
        "precision": 0.9902642559109874,
        "recall": 0.9965010496850945,
        "f1-score": 0.9933728636205092,
        "support": 1429.0
      },
      "1": {
        "precision": 0.983177570093458,
        "recall": 0.9669117647058824,
        "f1-score": 0.9749768303985171,
        "support": 544.0
      },
      "2": {
        "precision": 0.8518518518518519,
        "recall": 0.8518518518518519,
        "f1-score": 0.8518518518518519,
        "support": 27.0
      },
      "accuracy": 0.9865,
      "macro avg": {
        "precision": 0.9417645592854326,
        "recall": 0.9384215554142763,
        "f1-score": 0.9400671819569594,
        "support": 2000.0
      },
      "weighted avg": {
        "precision": 0.9864681099138211,
        "recall": 0.9865,
        "f1-score": 0.9864586089252505,
        "support": 2000.0
      }
    }
  }
}