{
  "last_training": "2025-12-08T08:54:20.479099+00:00",
  "samples_trained": 10000,
  "current_performance": {
    "accuracy": 0.985,
    "confusion_matrix": [
      [
        1423,
        6,
        0
      ],
      [
        14,
        525,
        5
      ],
      [
        0,
        5,
        22
      ]
    ],
    "classification_report": {
      "0": {
        "precision": 0.9902574808629089,
        "recall": 0.9958012596221134,
        "f1-score": 0.9930216329378926,
        "support": 1429.0
      },
      "1": {
        "precision": 0.9794776119402985,
        "recall": 0.9650735294117647,
        "f1-score": 0.9722222222222222,
        "support": 544.0
      },
      "2": {
        "precision": 0.8148148148148148,
        "recall": 0.8148148148148148,
        "f1-score": 0.8148148148148148,
        "support": 27.0
      },
      "accuracy": 0.985,
      "macro avg": {
        "precision": 0.9281833025393408,
        "recall": 0.9252298679495644,
        "f1-score": 0.9266862233249765,
        "support": 2000.0
      },
      "weighted avg": {
        "precision": 0.9849568805243095,
        "recall": 0.985,
        "f1-score": 0.9849584011785687,
        "support": 2000.0
      }
    }
  }
}