{
  "last_training": "2025-12-13T09:13:21.541171+00:00",
  "samples_trained": 1000,
  "current_performance": {
    "accuracy": 0.975,
    "confusion_matrix": [
      [
        140,
        1,
        0
      ],
      [
        2,
        54,
        0
      ],
      [
        0,
        2,
        1
      ]
    ],
    "classification_report": {
      "0": {
        "precision": 0.9859154929577465,
        "recall": 0.9929078014184397,
        "f1-score": 0.9893992932862191,
        "support": 141.0
      },
      "1": {
        "precision": 0.9473684210526315,
        "recall": 0.9642857142857143,
        "f1-score": 0.9557522123893806,
        "support": 56.0
      },
      "2": {
        "precision": 1.0,
        "recall": 0.3333333333333333,
        "f1-score": 0.5,
        "support": 3.0
      },
      "accuracy": 0.975,
      "macro avg": {
        "precision": 0.977761304670126,
        "recall": 0.7635089496791624,
        "f1-score": 0.8150505018918666,
        "support": 200.0
      },
      "weighted avg": {
        "precision": 0.9753335804299482,
        "recall": 0.975,
        "f1-score": 0.972637121235811,
        "support": 200.0
      }
    }
  }
}