{
  "last_training": "2026-01-10T09:30:12.343609+00:00",
  "samples_trained": 1000,
  "current_performance": {
    "accuracy": 0.97,
    "confusion_matrix": [
      [
        140,
        1,
        0
      ],
      [
        2,
        54,
        0
      ],
      [
        0,
        3,
        0
      ]
    ],
    "classification_report": {
      "0": {
        "precision": 0.9859154929577465,
        "recall": 0.9929078014184397,
        "f1-score": 0.9893992932862191,
        "support": 141.0
      },
      "1": {
        "precision": 0.9310344827586207,
        "recall": 0.9642857142857143,
        "f1-score": 0.9473684210526315,
        "support": 56.0
      },
      "2": {
        "precision": 0.0,
        "recall": 0.0,
        "f1-score": 0.0,
        "support": 3.0
      },
      "accuracy": 0.97,
      "macro avg": {
        "precision": 0.638983325238789,
        "recall": 0.6523978385680513,
        "f1-score": 0.6455892381129502,
        "support": 200.0
      },
      "weighted avg": {
        "precision": 0.9557600777076252,
        "recall": 0.97,
        "f1-score": 0.9627896596615213,
        "support": 200.0
      }
    }
  }
}