{
  "last_training": "2026-01-10T10:08:32.576275+00:00",
  "samples_trained": 1000,
  "current_performance": {
    "accuracy": 0.965,
    "confusion_matrix": [
      [
        139,
        2,
        0
      ],
      [
        2,
        54,
        0
      ],
      [
        0,
        3,
        0
      ]
    ],
    "classification_report": {
      "0": {
        "precision": 0.9858156028368794,
        "recall": 0.9858156028368794,
        "f1-score": 0.9858156028368794,
        "support": 141.0
      },
      "1": {
        "precision": 0.9152542372881356,
        "recall": 0.9642857142857143,
        "f1-score": 0.9391304347826087,
        "support": 56.0
      },
      "2": {
        "precision": 0.0,
        "recall": 0.0,
        "f1-score": 0.0,
        "support": 3.0
      },
      "accuracy": 0.965,
      "macro avg": {
        "precision": 0.6336899467083383,
        "recall": 0.6500337723741979,
        "f1-score": 0.641648679206496,
        "support": 200.0
      },
      "weighted avg": {
        "precision": 0.9512711864406779,
        "recall": 0.965,
        "f1-score": 0.9579565217391304,
        "support": 200.0
      }
    }
  }
}